TEAM_ID,TEAM_NAME,GP,W,L,W_PCT,MIN,E_OFF_RATING,OFF_RATING,E_DEF_RATING,DEF_RATING,E_NET_RATING,NET_RATING,AST_PCT,AST_TO,AST_RATIO,OREB_PCT,DREB_PCT,REB_PCT,TM_TOV_PCT,EFG_PCT,TS_PCT,E_PACE,PACE,PACE_PER40,POSS,PIE,GP_RANK,W_RANK,L_RANK,W_PCT_RANK,MIN_RANK,OFF_RATING_RANK,DEF_RATING_RANK,NET_RATING_RANK,AST_PCT_RANK,AST_TO_RANK,AST_RATIO_RANK,OREB_PCT_RANK,DREB_PCT_RANK,REB_PCT_RANK,TM_TOV_PCT_RANK,EFG_PCT_RANK,TS_PCT_RANK,PACE_RANK,PIE_RANK
1610612737,Atlanta Hawks,82,47,35,0.573,3941.0,106.6,108.3,104.6,106.7,2.0,1.7,0.561,1.58,16.4,0.295,0.682,0.49,0.141,0.504,0.546,92.0,90.44,75.37,7428,0.507,1,12,12,12,29,10,16,13,15,9,15,19,24,25,7,9,14,24,13
1610612738,Boston Celtics,82,62,20,0.756,3976.0,108.1,109.5,99.4,101.6,8.7,7.9,0.606,1.45,17.8,0.314,0.715,0.524,0.169,0.528,0.571,92.7,91.15,75.96,7560,0.562,1,3,3,3,7,5,3,2,3,17,2,8,5,2,28,2,2,21,1
1610612766,Charlotte Bobcats,82,35,47,0.427,3986.0,101.6,103.7,103.4,105.0,-1.8,-1.3,0.607,1.36,17.0,0.321,0.686,0.504,0.173,0.494,0.536,90.8,89.18,74.32,7401,0.495,1,19,19,19,2,27,7,20,2,27,7,5,22,12,30,19,22,27,18
1610612741,Chicago Bulls,82,41,41,0.5,3986.0,105.1,107.2,105.8,107.5,-0.7,-0.3,0.554,1.45,16.1,0.321,0.675,0.498,0.153,0.493,0.541,95.8,94.1,78.42,7816,0.499,1,15,15,15,2,15,18,16,18,18,20,4,28,17,19,21,20,10,16
1610612739,Cleveland Cavaliers,82,66,16,0.805,3956.0,109.7,111.2,99.4,101.6,10.3,9.6,0.55,1.59,16.4,0.306,0.707,0.512,0.141,0.519,0.56,91.2,89.61,74.67,7395,0.559,1,1,1,1,21,4,2,1,24,8,12,16,9,5,8,4,4,25,2
1610612742,Dallas Mavericks,82,50,32,0.61,3961.0,108.1,109.0,105.3,107.0,2.8,2.0,0.569,1.71,17.0,0.297,0.707,0.504,0.136,0.504,0.55,93.9,92.68,77.23,7651,0.522,1,9,9,9,14,6,17,10,10,4,8,18,10,11,4,10,9,16,11
1610612743,Denver Nuggets,82,54,28,0.659,3946.0,107.5,109.0,103.5,105.6,4.0,3.4,0.595,1.45,16.9,0.311,0.683,0.503,0.16,0.512,0.563,97.0,95.39,79.49,7848,0.529,1,5,5,5,27,7,8,8,6,19,9,10,23,13,24,7,3,6,8
1610612765,Detroit Pistons,82,39,43,0.476,3981.0,104.5,105.8,105.2,106.4,-0.8,-0.6,0.567,1.74,16.7,0.311,0.711,0.508,0.133,0.483,0.524,89.1,88.02,73.35,7302,0.496,1,17,17,17,4,21,14,17,11,2,11,11,7,7,2,26,28,30,17
1610612744,Golden State Warriors,82,29,53,0.354,3976.0,106.6,108.0,110.1,111.7,-3.5,-3.7,0.53,1.42,15.4,0.293,0.652,0.473,0.146,0.497,0.549,101.0,99.57,82.97,8247,0.478,1,24,24,24,10,11,28,24,29,23,28,20,30,30,13,18,10,1,22
1610612745,Houston Rockets,82,53,29,0.646,3961.0,105.4,107.1,101.4,102.9,4.0,4.2,0.562,1.44,16.2,0.308,0.714,0.517,0.154,0.501,0.548,92.7,91.23,76.02,7532,0.53,1,8,8,8,14,16,4,6,13,21,19,14,6,3,20,13,12,19,7
1610612754,Indiana Pacers,82,36,46,0.439,3966.0,105.4,107.2,106.5,108.2,-1.2,-1.0,0.551,1.49,16.3,0.291,0.707,0.498,0.148,0.501,0.545,98.9,97.34,81.12,8037,0.489,1,18,18,18,11,14,20,18,21,14,18,21,11,18,14,15,15,3,20
1610612746,Los Angeles Clippers,82,19,63,0.232,3976.0,99.5,101.0,108.8,110.1,-9.2,-9.2,0.583,1.41,16.4,0.287,0.679,0.479,0.158,0.481,0.52,94.6,93.3,77.75,7723,0.441,1,28,28,28,7,30,26,30,7,25,13,24,27,28,23,28,30,12,29
1610612747,Los Angeles Lakers,82,65,17,0.793,3956.0,109.8,111.4,101.9,103.5,7.9,7.9,0.577,1.73,17.3,0.326,0.698,0.514,0.14,0.513,0.555,96.9,95.49,79.58,7874,0.547,1,2,2,2,21,3,6,3,8,3,5,3,16,4,5,6,6,5,3
1610612763,Memphis Grizzlies,82,24,58,0.293,3961.0,100.9,102.3,106.8,108.2,-5.9,-6.0,0.497,1.14,14.2,0.297,0.697,0.495,0.166,0.486,0.533,92.5,91.22,76.02,7528,0.457,1,25,25,25,14,28,21,26,30,30,30,17,17,22,27,23,23,20,26
1610612748,Miami Heat,82,43,39,0.524,3991.0,105.1,106.8,104.7,106.5,0.4,0.3,0.551,1.63,16.3,0.282,0.693,0.484,0.136,0.5,0.54,92.3,90.8,75.67,7547,0.505,1,14,14,14,1,19,15,14,22,7,16,26,20,26,3,16,21,23,14
1610612749,Milwaukee Bucks,82,34,48,0.415,3956.0,103.8,105.2,104.9,106.3,-1.2,-1.1,0.599,1.56,16.8,0.31,0.699,0.496,0.149,0.483,0.531,95.2,93.89,78.25,7736,0.485,1,20,20,20,21,23,13,19,5,12,10,12,15,20,15,25,25,11,21
1610612750,Minnesota Timberwolves,82,24,58,0.293,3961.0,102.6,104.9,109.1,109.9,-6.5,-5.0,0.561,1.44,15.9,0.321,0.717,0.511,0.152,0.481,0.526,94.1,92.76,77.3,7645,0.453,1,25,25,25,14,24,25,25,14,20,23,6,2,6,18,27,26,15,27
1610612751,New Jersey Nets,82,34,48,0.415,3966.0,105.4,106.8,108.2,109.5,-2.8,-2.7,0.559,1.52,16.0,0.288,0.703,0.493,0.143,0.497,0.543,92.3,91.12,75.94,7530,0.474,1,20,20,20,11,18,24,22,16,13,21,23,14,24,10,17,17,22,23
1610612740,New Orleans Hornets,82,49,33,0.598,3951.0,106.2,107.6,104.1,105.8,2.0,1.8,0.553,1.56,16.3,0.282,0.707,0.496,0.141,0.501,0.548,90.0,88.74,73.95,7303,0.515,1,10,10,10,26,13,10,12,19,11,17,25,12,19,6,14,13,28,12
1610612752,New York Knicks,82,32,50,0.39,3961.0,105.3,107.0,108.4,109.4,-3.1,-2.5,0.551,1.48,16.0,0.277,0.696,0.48,0.146,0.503,0.544,99.0,97.82,81.51,8066,0.467,1,23,23,23,14,17,23,21,23,15,22,27,18,27,12,12,16,2,24
1610612760,Oklahoma City Thunder,82,23,59,0.28,3961.0,99.9,101.4,106.9,107.6,-7.0,-6.2,0.555,1.25,15.6,0.309,0.716,0.508,0.17,0.471,0.521,96.1,95.1,79.25,7841,0.464,1,27,27,27,14,29,19,27,17,29,27,13,4,9,29,30,29,8,25
1610612753,Orlando Magic,82,59,23,0.72,3946.0,107.2,108.3,98.9,101.3,8.3,7.1,0.544,1.39,15.6,0.273,0.717,0.502,0.149,0.52,0.559,94.6,92.99,77.49,7649,0.545,1,4,4,4,27,9,1,4,27,26,26,29,3,16,16,3,5,14,4
1610612755,Philadelphia 76ers,82,41,41,0.5,3951.0,104.7,106.3,104.7,106.1,0.0,0.2,0.55,1.42,15.8,0.342,0.68,0.508,0.154,0.485,0.532,92.6,91.3,76.09,7512,0.503,1,15,15,15,24,20,12,15,25,24,25,2,26,8,21,24,24,18,15
1610612756,Phoenix Suns,82,46,36,0.561,3951.0,111.2,112.4,108.5,110.4,2.6,2.0,0.565,1.48,17.4,0.308,0.682,0.503,0.161,0.545,0.584,98.4,96.99,80.83,7984,0.525,1,13,13,13,24,1,27,11,12,16,4,15,25,14,26,1,1,4,9
1610612757,Portland Trail Blazers,82,54,28,0.659,3966.0,110.7,112.1,104.5,106.1,6.2,6.0,0.552,1.58,16.4,0.355,0.708,0.528,0.145,0.511,0.553,89.2,88.02,73.35,7273,0.531,1,5,5,5,11,2,11,5,20,10,14,1,8,1,11,8,8,29,6
1610612758,Sacramento Kings,82,17,65,0.207,3981.0,102.6,104.4,111.9,113.4,-9.3,-9.0,0.541,1.28,15.3,0.289,0.669,0.477,0.16,0.491,0.542,96.8,95.29,79.41,7901,0.44,1,30,30,30,4,25,30,29,28,28,29,22,29,29,25,22,19,7,30
1610612759,San Antonio Spurs,82,54,28,0.659,3981.0,106.2,107.6,102.0,103.4,4.3,4.2,0.571,1.8,17.3,0.258,0.74,0.502,0.13,0.513,0.548,90.4,89.19,74.32,7395,0.523,1,5,5,5,4,12,5,7,9,1,6,30,1,15,1,5,11,26,10
1610612761,Toronto Raptors,82,33,49,0.402,3961.0,104.3,105.5,107.1,108.6,-2.8,-3.0,0.601,1.67,17.5,0.276,0.706,0.493,0.143,0.494,0.542,94.4,93.26,77.71,7697,0.492,1,22,22,22,14,22,22,23,4,6,3,28,13,23,9,20,18,13,19
1610612762,Utah Jazz,82,48,34,0.585,3976.0,107.1,108.5,104.7,105.8,2.5,2.7,0.644,1.67,18.4,0.316,0.693,0.505,0.155,0.504,0.554,95.6,94.47,78.73,7827,0.535,1,11,11,11,7,8,9,9,1,5,1,7,19,10,22,11,7,9,5
1610612764,Washington Wizards,82,19,63,0.232,3941.0,102.3,104.0,111.2,112.1,-8.9,-8.1,0.548,1.43,15.8,0.313,0.689,0.495,0.151,0.48,0.524,93.4,92.26,76.88,7576,0.448,1,28,28,28,29,26,29,28,26,22,24,9,21,21,17,29,27,17,28
